batter,runs_scored,balls_faced,matches_played,strike_rate,batting_score
V Kohli,8671,6702,259,129.37928976424948,6121.47585795285
Rg Sharma,7048,5475,266,128.73059360730593,4985.946118721461
S Dhawan,6769,5483,221,123.45431333211745,4785.090862666423
Da Warner,6567,4849,184,135.4299855640338,4642.385997112806
Sk Raina,5536,4177,200,132.53531242518554,3921.707062485037
Ms Dhoni,5439,4101,241,132.626188734455,3857.9252377468906
Kl Rahul,5235,3947,135,132.63237902204204,3704.526475804408
Ab De Villiers,5181,3487,170,148.58044164037855,3673.4160883280756
Am Rahane,5032,4133,183,121.75175417372368,3565.0503508347447
Ch Gayle,4997,3516,141,142.1217292377702,3540.4243458475535
Rv Uthappa,4954,3927,197,126.15227909345556,3512.7304558186906
Kd Karthik,4843,3687,233,131.35340385136968,3439.670680770274
F Du Plessis,4773,3605,147,132.39944521497918,3382.2798890429954
Sv Samson,4704,3475,171,135.36690647482015,3336.9733812949635
At Rayudu,4348,3490,185,124.58452722063038,3087.0169054441258
Sa Yadav,4311,2961,151,145.59270516717325,3061.9185410334344
G Gambhir,4217,3524,151,119.66515323496027,2990.9330306469915
Jc Buttler,4121,2856,119,144.29271708683473,2925.458543417367
Mk Pandey,3951,3355,161,117.7645305514158,2805.3529061102827
Sr Watson,3880,2892,141,134.1632088520055,2756.932641770401
Shubman Gill,3866,2867,114,134.84478549005928,2744.5689570980117
Ss Iyer,3735,2905,131,128.57142857142858,2653.3142857142857
Rr Pant,3566,2504,123,142.41214057507986,2536.982428115016
Ka Pollard,3437,2447,168,140.45770331017573,2450.791540662035
Q De Kock,3312,2533,115,130.754046585077,2356.050809317015
Ra Jadeja,3260,2607,194,125.04794783275797,2326.409589566552
Yk Pathan,3222,2334,153,138.04627249357327,2298.3092544987144
Da Miller,3077,2295,133,134.07407407407408,2194.0148148148146
Ishan Kishan,2998,2237,112,134.01877514528385,2136.6037550290566
Wp Saha,2934,2368,143,123.90202702702702,2092.8804054054053
Bb Mccullum,2882,2272,109,126.84859154929578,2053.669718309859
N Rana,2853,2156,112,132.32838589981446,2034.765677179963
Pa Patel,2848,2442,136,116.62571662571663,2030.525143325143
Gj Maxwell,2820,1896,134,148.73417721518987,2017.1468354430378
Ma Agarwal,2764,2146,125,128.7977632805219,1973.0595526561044
Hh Pandya,2758,1962,140,140.57084607543325,1972.7141692150865
Yuvraj Singh,2754,2207,126,124.78477571363842,1965.3569551427277
V Sehwag,2728,1833,104,148.82705946535734,1949.7654118930714
Ad Russell,2655,1626,114,163.28413284132841,1902.5568265682655
M Vijay,2619,2208,105,118.61413043478262,1867.5228260869565
Rd Gaikwad,2502,1863,70,134.29951690821255,1785.2599033816423
Spd Smith,2495,1999,93,124.81240620310155,1780.7624812406202
Se Marsh,2489,1913,69,130.10977522216413,1775.221955044433
Jh Kallis,2427,2291,95,105.93627237014405,1729.5872544740287
Dr Smith,2385,1803,88,132.27953410981698,1704.7559068219634
Sr Tendulkar,2334,2044,78,114.18786692759295,1664.4375733855186
N Pooran,2293,1433,86,160.0139567341242,1645.7027913468246
Ra Tripathi,2291,1707,98,134.21206795547744,1640.3424135910952
R Dravid,2174,1918,82,113.34723670490095,1552.6694473409802
Ybk Jaiswal,2166,1454,66,148.96836313617607,1552.593672627235
Ks Williamson,2132,1734,76,122.95271049596307,1524.5905420991924
Aj Finch,2092,1696,90,123.34905660377358,1498.0698113207545
Ac Gilchrist,2069,1555,80,133.05466237942122,1482.9109324758842
Mp Stoinis,2026,1457,99,139.0528483184626,1455.9105696636925
Jp Duminy,2029,1680,75,120.77380952380952,1451.9547619047619
Mek Hussey,1977,1648,58,119.96359223300972,1413.6927184466017
Ar Patel,1916,1489,123,128.67696440564137,1379.235392881128
Pp Shaw,1892,1321,79,143.22482967448903,1360.9449659348977
S Dube,1859,1366,75,136.09077598828696,1336.0181551976573
Abhishek Sharma,1816,1167,74,155.61268209083119,1309.722536418166
Dpmd Jayawardene,1808,1522,78,118.7910643889619,1297.1582128777923
D Padikkal,1806,1496,74,120.72192513368985,1295.744385026738
Sp Narine,1780,1144,118,155.5944055944056,1288.918881118881
B Sai Sudharsan,1793,1279,40,140.1876465989054,1287.137529319781
Kh Pandya,1756,1376,114,127.61627906976744,1266.1232558139534
Mandeep Singh,1706,1418,97,120.31029619181946,1227.9620592383637
Kk Nair,1694,1314,76,128.9193302891933,1219.1838660578385
Mk Tiwary,1695,1489,83,113.83478844862324,1217.5669576897246
Kc Sangakkara,1687,1424,68,118.4691011235955,1211.3938202247189
Jm Bairstow,1674,1181,52,141.7442845046571,1205.3488569009314
R Parag,1570,1156,72,135.81314878892735,1133.3626297577855
Dj Bravo,1560,1247,110,125.10024057738573,1128.020048115477
Nv Ojha,1554,1360,94,114.26470588235293,1120.0529411764705
Dj Hooda,1497,1213,101,123.41302555647155,1082.6826051112942
Tilak Varma,1499,1089,51,137.6492194674013,1081.9298438934802
So Hetmyer,1488,1036,78,143.62934362934362,1078.1258687258685
Ss Tiwary,1494,1291,73,115.72424477149497,1076.244848954299
H Klaasen,1480,907,45,163.1753031973539,1073.1350606394708
Vr Iyer,1468,1107,56,132.61065943992773,1059.7221318879854
Ak Markram,1440,1093,55,131.74748398902105,1039.849496797804
S Badrinath,1441,1245,65,115.74297188755021,1038.34859437751
Ejg Morgan,1406,1181,74,119.05165114309906,1015.4103302286197
Bj Hodge,1400,1153,63,121.42237640936686,1010.5844752818732
P Simran Singh,1355,904,52,149.88938053097345,983.6778761061946
Sc Ganguly,1349,1326,56,101.73453996983409,970.2469079939668
Ca Lynn,1329,974,42,136.4476386036961,961.7895277207392
Dj Hussey,1322,1101,61,120.07266121707538,955.514532243415
Mr Marsh,1292,933,49,138.4780278670954,936.9956055734191
V Shankar,1233,985,63,125.17766497461929,894.4355329949237
Km Jadhav,1208,1012,81,119.36758893280633,877.5735177865612
Mm Ali,1167,865,59,134.91329479768785,849.7826589595376
Tm Head,1146,706,37,162.32294617563738,838.3645892351275
Ik Pathan,1150,985,82,116.75126903553299,836.5502538071066
Tm Dilshan,1153,1047,50,110.12416427889207,834.1248328557783
R Tewatia,1112,851,76,130.66980023501762,812.1339600470035
Rm Patidar,1111,759,38,146.3768115942029,810.7753623188405
Ml Hayden,1107,839,32,131.94278903456495,804.488557806913
Rk Singh,1099,793,51,138.5876418663304,802.117528373266
M Vohra,1083,863,51,125.49246813441484,788.2984936268829
Dp Conway,1080,794,28,136.02015113350126,786.0040302267003
Lmp Simmons,1079,878,29,122.89293849658314,782.7785876993165
Pd Salt,1056,623,34,169.5024077046549,776.5004815409309
Ls Livingstone,1051,699,47,150.3576537911302,770.471530758226
Lrpl Taylor,1017,847,54,120.07083825265643,741.3141676505312
Kp Pietersen,1001,758,36,132.05804749340368,730.7116094986807
Mc Henriques,1000,801,54,124.84394506866417,730.3687890137328
Sm Curran,997,761,53,131.011826544021,729.4023653088042
Jm Sharma,991,656,47,151.0670731707317,728.6134146341464
Y Venugopal Rao,985,865,52,113.87283236994219,717.4745664739885
Ja Morkel,975,712,67,136.93820224719101,716.5876404494383
A Symonds,974,781,36,124.71190781049937,710.3423815620998
Cl White,971,774,45,125.45219638242895,709.2904392764857
A Badoni,963,740,46,130.13513513513513,704.7270270270269
Ba Stokes,935,718,43,130.22284122562675,684.8445682451253
Str Binny,880,700,66,125.71428571428571,647.7428571428571
Hh Gibbs,886,837,36,105.8542413381123,644.9708482676224
Th David,846,524,44,161.45038167938932,628.8900763358778
Harbhajan Singh,833,636,88,130.9748427672956,618.094968553459
R Ashwin,833,728,93,114.42307692307692,615.2846153846152
Shakib Al Hasan,795,665,52,119.54887218045114,585.6097744360902
Ms Bisla,798,737,39,108.27679782903662,584.1553595658072
Shashank Singh,773,510,33,151.5686274509804,574.7137254901959
St Jayasuriya,768,573,30,134.03141361256544,567.406282722513
Abdul Samad,743,506,51,146.83794466403162,554.5675889328064
M Shahrukh Khan,732,517,48,141.58607350096713,545.5172147001933
Gc Smith,739,691,29,106.9464544138929,541.5892908827785
Ad Mathews,724,599,41,120.86811352253757,535.0736227045074
N Wadhera,719,522,31,137.73946360153258,533.9478927203065
T Stubbs,711,442,30,160.85972850678735,532.8719457013575
C Green,707,472,28,149.78813559322032,527.657627118644
Dhruv Jurel,680,456,35,149.12280701754386,509.3245614035087
Tl Suman,676,587,39,115.1618398637138,500.1323679727427
Am Nayar,672,588,50,114.28571428571428,498.2571428571428
Abishek Porel,661,454,29,145.59471365638768,494.7189427312775
Gj Bailey,663,552,36,120.1086956521739,491.7217391304348
E Lewis,654,499,26,131.06212424849699,486.6124248496994
Ch Morris,618,413,49,149.636803874092,467.42736077481834
Pp Chawla,624,580,86,107.58620689655172,466.9172413793103
Pj Cummins,612,417,48,146.76258992805757,462.5525179856115
Jj Roy,614,460,21,133.47826086956522,458.59565217391304
Jd Ryder,604,466,29,129.6137339055794,451.62274678111584
Rashid Khan,585,387,66,151.1627906976744,446.3325581395349
Sn Khan,585,456,36,128.28947368421052,438.7578947368421
Hm Amla,577,418,16,138.03827751196172,433.10765550239233
Priyansh Arya,545,310,18,175.80645161290323,418.4612903225807
Shahbaz Ahmed,545,475,38,114.73684210526316,408.24736842105267
Cj Anderson,538,436,29,123.39449541284404,404.17889908256876
Mk Lomror,527,389,35,135.47557840616966,399.4951156812339
Jp Faulkner,527,406,45,129.80295566502463,399.3605911330049
Rs Bopara,531,468,22,113.46153846153845,396.59230769230766
Washington Sundar,511,426,43,119.9530516431925,385.9906103286385
M Manhas,514,486,38,105.76131687242798,384.75226337448555
Gurkeerat Singh,511,436,32,117.20183486238531,384.34036697247706
Oa Shah,506,405,22,124.93827160493827,381.3876543209876
Sw Billings,503,399,27,126.06516290726817,380.0130325814536
Pc Valthaty,505,432,23,116.89814814814814,379.17962962962963
Nithish Kumar Reddy,485,382,22,126.96335078534031,367.092670157068
Rr Rossouw,473,321,22,147.35202492211837,362.77040498442364
Wg Jacks,463,306,19,151.30718954248366,356.26143790849665
A Raghuvanshi,463,326,18,142.0245398773006,354.3049079754601
D Brevis,455,305,16,149.18032786885246,349.9360655737705
Dt Christian,460,408,41,112.74509803921569,348.6490196078432
Nltc Perera,424,326,30,130.06134969325154,325.8122699386503
Sa Asnodkar,423,352,19,120.17045454545455,322.0340909090909
Jr Hopes,417,314,19,132.80254777070064,320.3605095541401
R Ravindra,413,298,18,138.59060402684565,318.61812080536913
J Botha,409,364,28,112.36263736263736,311.57252747252744
Naman Dhir,392,226,19,173.4513274336283,310.9902654867256
Lr Shukla,405,358,33,113.12849162011173,309.42569832402233
J Fraser-Mcgurk,385,203,15,189.6551724137931,308.9310344827586
Ashutosh Sharma,393,256,18,153.515625,307.603125
Se Rutherford,397,310,20,128.06451612903226,305.51290322580644
Al Menaria,401,367,23,109.26430517711172,304.85286103542234
Mv Boucher,394,318,23,123.89937106918238,302.87987421383644
Rd Rickelton,388,266,14,145.86466165413535,302.172932330827
Azhar Mahmood,388,311,21,124.7588424437299,298.651768488746
Ca Pujara,390,403,22,96.7741935483871,294.5548387096774
Kr Mayers,379,276,13,137.31884057971016,294.0637681159421
A Mishra,381,440,55,86.5909090909091,289.5181818181818
Db Ravi Teja,375,325,25,115.38461538461537,288.0769230769231
R Powell,365,261,23,139.84674329501917,285.7693486590038
S Sohal,368,311,20,118.32797427652733,283.26559485530544
P Negi,365,301,35,121.26245847176081,283.25249169435216
Rahmanullah Gurbaz,363,283,18,128.26855123674912,281.55371024734984
Kv Sharma,352,307,40,114.65798045602607,273.3315960912052
Dj Mitchell,351,274,15,128.1021897810219,272.8204379562044
R Bhatia,342,290,47,117.9310344827586,267.6862068965517
P Kumar,340,323,57,105.26315789473684,264.75263157894733
Ap Tare,339,285,27,118.94736842105263,263.7894736842105
Sn Thakur,325,243,40,133.7448559670782,258.2489711934156
Rn Ten Doeschate,326,238,21,136.9747899159664,257.69495798319326
Jec Franklin,327,309,16,105.8252427184466,251.6650485436893
B Kumar,320,364,71,87.91208791208791,248.68241758241757
Anuj Rawat,318,276,21,115.21739130434783,247.74347826086955
R Vinay Kumar,310,289,42,107.26643598615917,242.65328719723183
C De Grandhomme,303,229,21,132.31441048034935,240.66288209606986
Db Das,304,267,22,113.85767790262172,237.7715355805243
La Pomersbach,302,251,16,120.3187250996016,237.06374501992028
Lalit Yadav,305,301,21,101.32890365448506,235.865780730897
Djg Sammy,295,251,20,117.52988047808766,232.00597609561754
Ubt Chand,300,314,20,95.54140127388536,231.10828025477707
A Manohar,292,243,20,120.16460905349795,230.43292181069955
Jp Inglis,278,177,11,157.06214689265536,227.11242937853106
A Ashish Reddy,280,196,23,142.85714285714286,226.8714285714286
Sp Goswami,293,307,21,95.43973941368078,226.28794788273615
Mj Lumb,278,198,12,140.4040404040404,223.88080808080807
Pbb Rajapaksa,277,201,13,137.81094527363186,222.76218905472638
Y Nagar,285,271,20,105.1660516605166,222.53321033210332
Vvs Laxman,282,271,20,104.0590405904059,220.21180811808117
B Chipli,280,256,21,109.375,219.975
Mj Guptill,271,197,13,137.56345177664974,218.51269035532994
Gh Vihari,284,331,23,85.80060422960725,218.26012084592145
V Suryavanshi,252,129,7,195.3488372093023,216.16976744186042
Hv Patel,270,241,41,112.03319502074689,215.50663900414938
Pk Garg,273,247,19,110.5263157894737,215.10526315789474
Jc Archer,262,183,30,143.16939890710384,215.03387978142075
R Sathish,270,236,24,114.40677966101696,214.2813559322034
Atharva Taide,260,188,10,138.29787234042556,210.6595744680851
Jo Holder,259,217,27,119.35483870967742,207.87096774193546
K Gowtham,247,159,27,155.34591194968556,206.66918238993708
A Mhatre,240,131,7,183.206106870229,205.3412213740458
M Kaif,259,258,22,100.3875968992248,203.57751937984494
Bcj Cutting,238,146,17,163.013698630137,200.9027397260274
Aniket Verma,236,148,12,159.45945945945945,198.29189189189188
Harpreet Brar,244,214,26,114.01869158878503,196.203738317757
Sm Katich,241,191,11,126.17801047120419,195.03560209424083
Md Mishra,237,213,17,111.26760563380283,189.85352112676054
Mohammad Nabi,221,157,19,140.76433121019107,184.7528662420382
Ramandeep Singh,217,142,20,152.8169014084507,184.46338028169012
K Rabada,215,216,30,99.53703703703704,173.40740740740742
Aa Jhunjhunwala,217,218,15,99.54128440366972,173.30825688073392
K Goel,218,239,16,91.21338912133892,172.44267782426778
R Dhawan,210,188,22,111.70212765957446,171.54042553191488
R Shepherd,185,93,12,198.9247311827957,170.48494623655913
Ut Yadav,208,211,48,98.5781990521327,170.11563981042656
Pd Collingwood,203,159,7,127.67295597484276,168.33459119496854
Ca Ingram,205,183,15,112.02185792349727,167.40437158469945
Ks Bharat,199,168,8,118.45238095238095,163.79047619047617
Jd Unadkat,197,170,27,115.88235294117648,163.77647058823527
Bipul Sharma,187,124,17,150.80645161290323,162.76129032258063
Bj Rohrer,193,146,8,132.1917808219178,162.33835616438358
Kuldeep Yadav,201,240,37,83.75,161.14999999999998
Sp Fleming,196,171,10,114.61988304093566,161.12397660818712
As Raut,194,172,16,112.79069767441861,159.9581395348837
Sk Warne,198,219,27,90.41095890410958,159.3821917808219
Sd Hope,183,125,9,146.4,158.28
Cr Brathwaite,181,120,14,150.83333333333334,158.26666666666668
Salman Butt,193,172,7,112.20930232558139,158.24186046511625
Hc Brook,190,159,11,119.49685534591194,157.9993710691824
Yv Takawale,192,183,10,104.91803278688525,156.38360655737702
Mf Maharoof,177,124,14,142.74193548387098,153.8483870967742
Sikandar Raza,182,143,9,127.27272727272727,153.75454545454545
Ac Voges,181,143,7,126.57342657342659,152.7146853146853
Fy Fazal,183,179,11,102.23463687150837,149.64692737430167
C Munro,177,144,11,122.91666666666667,149.58333333333331
Ab Agarkar,179,160,18,111.87499999999999,149.47500000000002
Ms Wade,183,185,14,98.91891891891892,149.28378378378378
S Gopal,180,173,22,104.04624277456647,149.00924855491326
Sameer Rizvi,172,126,9,136.5079365079365,148.6015873015873
Dh Yagnik,170,142,17,119.71830985915493,144.64366197183097
Mn Van Wyk,167,135,5,123.7037037037037,142.14074074074074
Cm Gautam,169,158,13,106.9620253164557,140.99240506329116
Dw Steyn,167,163,33,102.45398773006136,140.69079754601228
Mg Johnson,167,168,28,99.40476190476191,139.5809523809524
Pa Reddy,164,167,10,98.20359281437125,135.44071856287425
N Jagadeesan,162,155,10,104.51612903225806,135.30322580645162
Re Van Der Merwe,159,144,15,110.41666666666667,134.88333333333333
V Nigam,142,82,8,173.17073170731706,134.83414634146342
D Wiese,148,105,11,140.95238095238096,132.8904761904762
Mn Samuels,161,174,14,92.52873563218391,132.60574712643677
R Mclaren,159,178,13,89.32584269662921,130.46516853932584
Sb Dubey,139,87,11,159.77011494252872,130.35402298850573
Ad Hales,148,119,6,124.36974789915966,129.07394957983192
Sm Pollock,147,116,8,126.72413793103448,129.0448275862069
S Vidyut,145,115,8,126.08695652173914,127.51739130434783
Sachin Baby,144,123,11,117.07317073170731,125.31463414634146
Kamran Akmal,128,78,6,164.1025641025641,123.0205128205128
Anmolpreet Singh,139,117,9,118.80341880341881,121.96068376068376
M Jansen,141,136,20,103.6764705882353,121.43529411764705
S Anirudha,136,121,12,112.39669421487604,118.8793388429752
N Saini,140,143,10,97.9020979020979,118.58041958041959
M Morkel,126,93,20,135.48387096774192,117.29677419354837
Kk Cooper,116,70,12,165.71428571428572,115.54285714285713
Ut Khawaja,127,105,6,120.95238095238095,113.69047619047618
Tk Curran,127,108,10,117.59259259259258,113.41851851851851
B Lee,124,102,19,121.56862745098039,113.01372549019608
Rd Chahar,129,127,22,101.5748031496063,112.81496062992126
Sb Styris,131,134,10,97.76119402985076,112.25223880597014
W Jaffer,130,129,8,100.7751937984496,111.95503875968991
Ss Prabhudessai,126,113,10,111.50442477876106,111.5008849557522
Misbah-Ul-Haq,117,82,8,142.6829268292683,111.23658536585366
Ac Blizzard,120,91,7,131.86813186813185,111.07362637362637
Ab Mcdonald,123,103,9,119.41747572815532,110.88349514563106
Arshad Khan,119,90,10,132.22222222222223,110.74444444444444
Dl Chahar,117,86,16,136.04651162790697,110.70930232558138
Bb Samantray,125,116,8,107.75862068965519,109.85172413793104
Mm Sharma,125,140,30,89.28571428571429,108.35714285714286
Lj Wright,106,63,5,168.25396825396825,108.35079365079363
Tg Southee,120,108,19,111.11111111111111,108.12222222222223
P Dogra,127,141,12,90.0709219858156,108.11418439716311
Harpreet Singh,123,119,8,103.36134453781514,107.57226890756301
Mc Juneja,125,134,7,93.28358208955224,106.85671641791045
Dl Vettori,121,118,16,102.54237288135593,106.80847457627117
Mw Short,117,99,6,118.18181818181819,106.13636363636363
Rj Harris,117,112,21,104.46428571428572,104.89285714285714
Nk Patel,121,124,6,97.58064516129032,104.81612903225805
Djm Short,115,102,7,112.74509803921569,103.74901960784314
Aman Hakim Khan,115,109,10,105.50458715596329,102.60091743119266
M Kartik,113,109,14,103.6697247706422,101.23394495412845
Z Khan,117,141,27,82.97872340425532,101.19574468085106
Dj Harris,111,103,4,107.76699029126213,99.65339805825242
Mj Santner,110,111,19,99.09909909909909,98.71981981981983
Ma Starc,111,120,21,92.5,98.29999999999998
Mohammed Siraj,112,127,21,88.18897637795276,98.13779527559053
Ms Gony,99,76,15,130.26315789473685,96.85263157894737
Azmatullah Omarzai,99,77,9,128.57142857142858,95.91428571428573
Jdp Oram,106,110,11,96.36363636363636,94.57272727272726
Pn Mankad,97,75,5,129.33333333333331,94.26666666666665
Ds Kulkarni,104,113,20,92.03539823008849,93.20707964601769
Shahid Afridi,81,46,9,176.08695652173913,92.81739130434784
Rj Quiney,103,105,7,98.09523809523809,92.41904761904762
Sd Chitnis,99,92,8,107.6086956521739,91.62173913043478
Phkd Mendis,92,72,5,127.77777777777777,90.45555555555555
Mj Clarke,98,96,6,102.08333333333333,89.61666666666666
Aj Tye,91,79,13,115.18987341772151,88.0379746835443
Urvil Patel,68,34,3,200.0,87.89999999999999
Ankit Sharma,87,69,10,126.08695652173914,87.11739130434782
S Rana,91,82,8,110.97560975609757,86.6951219512195
Cj Ferguson,98,119,8,82.35294117647058,85.87058823529411
Jds Neesham,92,93,10,98.9247311827957,85.18494623655913
Mj Mcclenaghan,85,73,20,116.43835616438356,84.7876712328767
Pr Shah,92,97,9,94.84536082474226,84.26907216494845
Ap Majumdar,87,77,4,112.98701298701299,83.8974025974026
Iqbal Abdulla,88,86,13,102.32558139534885,83.36511627906977
Dj Jacobs,92,101,7,91.0891089108911,83.31782178217821
Ad Nath,90,99,10,90.9090909090909,82.18181818181817
Ta Boult,85,86,24,98.83720930232558,81.66744186046512
Jg Bethell,67,39,2,171.7948717948718,81.45897435897436
Re Levi,83,74,6,112.16216216216218,81.13243243243242
B Akhil,76,57,11,133.33333333333331,80.96666666666665
Nm Coulter-Nile,82,75,16,109.33333333333333,80.86666666666666
Sl Malinga,88,103,20,85.43689320388349,80.6873786407767
Lh Ferguson,72,49,8,146.9387755102041,80.58775510204082
La Carseldine,81,71,5,114.08450704225352,80.0169014084507
Wpujc Vaas,81,73,11,110.95890410958904,79.9917808219178
Mohammed Shami,84,93,27,90.32258064516128,79.56451612903226
Rt Ponting,91,129,9,70.54263565891473,78.70852713178294
Tr Birt,75,59,5,127.11864406779661,78.42372881355932
Cj Jordan,81,81,12,100.0,77.89999999999999
Rv Patel,80,76,7,105.26315789473684,77.75263157894737
Vivrant Sharma,69,49,1,140.81632653061226,76.56326530612245
Avesh Khan,62,39,13,158.97435897435898,76.4948717948718
Ad Mascarenhas,79,79,11,100.0,76.39999999999999
Cr Woakes,78,77,12,101.29870129870129,76.05974025974025
Pwh De Silva,81,95,19,85.26315789473684,75.65263157894736
Jr Philippe,78,80,5,97.5,74.6
J Suchith,70,62,9,112.90322580645163,72.48064516129034
Sk Rasheed,71,67,5,105.97014925373134,71.39402985074626
Rr Sarwan,73,78,4,93.58974358974359,70.21794871794872
M Klinger,73,78,4,93.58974358974359,70.21794871794872
Gd Phillips,65,55,8,118.18181818181819,69.93636363636364
Ir Jaggi,76,100,7,76.0,69.1
Umar Gul,39,19,4,205.26315789473685,68.75263157894737
Rr Powar,67,64,9,104.6875,68.73750000000001
Ka Jamieson,65,60,9,108.33333333333333,68.06666666666668
Jj Bumrah,68,81,27,83.9506172839506,67.09012345679012
Hr Shokeen,66,67,5,98.50746268656717,66.40149253731343
L Wood,9,3,1,300.0,66.39999999999999
A Flintoff,62,57,3,108.77192982456141,65.45438596491228
R Sharma,66,77,19,85.71428571428571,65.24285714285715
Sp Jackson,61,57,8,107.01754385964912,64.90350877192982
Aa Bilakhia,69,88,7,78.4090909090909,64.68181818181817
Mg Bracewell,58,49,4,118.36734693877551,64.6734693877551
Harshit Rana,59,57,10,103.50877192982458,63.001754385964915
Anirudh Singh,63,69,4,91.30434782608695,62.760869565217384
D Pretorius,44,28,5,157.14285714285714,62.72857142857143
C Bosch,47,32,2,146.875,62.475
S Aravind,59,59,10,100.0,62.3
Wd Parnell,65,86,13,75.5813953488372,61.91627906976744
Pvd Chameera,53,46,10,115.21739130434783,61.14347826086956
Mohammad Hafeez,64,84,8,76.19047619047619,60.838095238095235
Sandeep Sharma,60,79,26,75.9493670886076,59.78987341772152
As Yadav,49,40,6,122.50000000000001,59.4
Vishnu Vinod,56,58,6,96.55172413793103,59.110344827586204
Kt Maphaka,8,3,1,266.66666666666663,59.03333333333333
Swapnil Singh,51,46,9,110.86956521739131,58.77391304347826
Sunny Singh,43,31,5,138.70967741935485,58.34193548387097
Shoaib Malik,52,49,5,106.12244897959184,58.124489795918365
I Sharma,57,71,21,80.28169014084507,58.056338028169016
Auk Pathan,39,26,7,150.0,58.0
Lpc Silva,40,27,3,148.14814814814815,57.92962962962963
Of Smith,51,50,6,102.0,56.699999999999996
M Markande,48,44,10,109.09090909090908,56.41818181818181
R Rampaul,51,52,7,98.07692307692307,56.01538461538461
Kb Arun Karthik,51,53,8,96.22641509433963,55.74528301886792
M Rawat,55,70,11,78.57142857142857,55.31428571428572
A Nortje,49,51,13,96.07843137254902,54.8156862745098
Rv Gomez,50,53,9,94.33962264150944,54.76792452830188
Wa Mota,56,76,8,73.68421052631578,54.73684210526315
Shivam Mavi,51,58,11,87.93103448275862,54.38620689655172
Dj Willey,53,64,5,82.8125,54.162499999999994
Akash Deep,25,14,5,178.57142857142858,53.714285714285715
B Stanlake,5,2,1,250.0,53.6
Ap Dole,34,23,2,147.82608695652172,53.565217391304344
J Overton,15,7,2,214.28571428571428,53.557142857142864
Rp Singh,52,78,28,66.66666666666666,52.53333333333333
An Ahmed,36,27,6,133.33333333333331,52.46666666666666
Sb Bangar,49,58,7,84.48275862068965,51.896551724137936
A Chopra,53,75,6,70.66666666666667,51.83333333333333
S Narwal,37,29,4,127.58620689655173,51.817241379310346
T Kohler-Cadmore,48,54,3,88.88888888888889,51.67777777777777
D Salunkhe,33,24,3,137.5,50.89999999999999
Ag Paunikar,49,61,5,80.32786885245902,50.86557377049181
A Mithun,34,26,6,130.76923076923077,50.55384615384616
Br Dunk,40,36,3,111.11111111111111,50.522222222222226
Bkg Mendis,20,11,1,181.8181818181818,50.46363636363637
Dr Sams,44,48,13,91.66666666666666,50.43333333333332
Vr Aaron,50,73,12,68.4931506849315,49.898630136986306
Joginder Sharma,36,30,5,120.0,49.7
J Yadav,40,38,4,105.26315789473684,49.45263157894737
Ab Barath,42,43,3,97.67441860465115,49.23488372093023
Er Dwivedi,24,15,2,160.0,49.0
Sohail Tanvir,36,31,5,116.12903225806453,48.92580645161291
Rasikh Salam,40,40,6,100.0,48.6
Mm Patel,39,41,12,95.1219512195122,47.524390243902445
Yashpal Singh,47,67,4,70.1492537313433,47.329850746268654
Ravi Bishnoi,45,68,16,66.17647058823529,46.33529411764706
T Taibu,31,26,3,119.23076923076923,45.84615384615384
Bj Haddin,18,11,1,163.63636363636365,45.42727272727274
Umran Malik,23,16,5,143.75,45.349999999999994
At Carey,32,29,3,110.34482758620689,44.76896551724138
Sk Trivedi,42,61,14,68.85245901639344,44.570491803278685
Kw Richardson,36,39,4,92.3076923076923,44.06153846153846
Tu Deshpande,28,24,8,116.66666666666667,43.733333333333334
A Nehra,41,63,17,65.07936507936508,43.41587301587302
B Sumanth,35,38,4,92.10526315789474,43.321052631578944
Yudhvir Singh,22,16,4,137.5,43.3
Harmeet Singh,18,12,4,150.0,43.0
Sediqullah Atal,22,16,1,137.5,43.0
Rj Peterson,32,32,5,100.0,42.9
Rs Sodhi,4,2,1,200.0,42.9
Vh Zol,29,26,2,111.53846153846155,42.80769230769231
A Choudhary,25,20,3,125.0,42.8
P Sahu,19,13,2,146.15384615384613,42.730769230769226
L Ronchi,34,37,5,91.8918918918919,42.67837837837838
J Syed Mohammad,29,27,5,107.40740740740742,42.28148148148148
Dj Thornely,39,54,4,72.22222222222221,42.14444444444444
Kj Abbott,13,8,3,162.5,41.9
Imran Tahir,33,37,8,89.1891891891892,41.73783783783783
Au Rashid,22,17,2,129.41176470588235,41.48235294117647
Anureet Singh,36,47,8,76.59574468085107,41.31914893617021
G Coetzee,31,33,7,93.93939393939394,41.18787878787879
Navdeep Saini,33,38,7,86.8421052631579,41.16842105263159
Nl Mccullum,26,23,2,113.04347826086956,41.00869565217391
L Balaji,36,50,13,72.0,40.9
Sanvir Singh,25,22,5,113.63636363636364,40.727272727272734
Basil Thampi,32,37,7,86.48648648648648,40.3972972972973
Aj Hosein,16,11,1,145.45454545454547,40.3909090909091
A Kumble,35,49,15,71.42857142857143,40.285714285714285
Kc Cariappa,24,21,5,114.28571428571428,40.15714285714286
Sa Abbott,22,18,3,122.22222222222223,40.144444444444446
I Malhotra,7,4,1,175.0,40.0
As Roy,26,25,7,104.0,39.7
M Ashwin,35,50,12,70.0,39.7
Jm Kemp,26,25,2,104.0,39.2
Ma Khote,24,22,3,109.09090909090908,38.91818181818181
Sb Jakati,28,30,5,93.33333333333333,38.766666666666666
Gulbadin Naib,19,15,1,126.66666666666666,38.733333333333334
Tl Seifert,26,26,3,100.0,38.5
Md Shanaka,26,26,3,100.0,38.5
Dj Malan,26,26,1,100.0,38.300000000000004
S Sriram,31,38,2,81.57894736842105,38.21578947368421
I Udana,15,11,4,136.36363636363635,38.172727272727265
S Nadeem,39,88,20,44.31818181818182,38.163636363636364
Arjun Tendulkar,13,9,1,144.44444444444443,38.08888888888889
Oc Mccoy,8,5,1,160.0,37.7
Shivam Sharma,5,3,2,166.66666666666669,37.03333333333334
Kmdn Kulasekara,5,3,1,166.66666666666669,36.93333333333334
S Sreesanth,34,57,12,59.64912280701754,36.92982456140351
Rr Raje,20,18,5,111.11111111111111,36.72222222222223
Mohsin Khan,25,27,5,92.5925925925926,36.51851851851852
As Joseph,27,32,5,84.375,36.275
R Bishnoi,19,17,3,111.76470588235294,35.95294117647059
Arshdeep Singh,31,48,13,64.58333333333334,35.916666666666664
Ys Chahal,37,89,17,41.57303370786517,35.91460674157304
Gb Hogg,22,22,4,100.0,35.8
J Arunkumar,23,24,3,95.83333333333334,35.56666666666666
R Sai Kishore,18,16,4,112.5,35.5
Ac Thomas,20,19,4,105.26315789473684,35.45263157894737
Saurav Chauhan,18,16,3,112.5,35.4
K Upadhyay,12,9,2,133.33333333333331,35.266666666666666
Daj Bracewell,12,9,1,133.33333333333331,35.166666666666664
Ra Bawa,19,18,3,105.55555555555556,34.71111111111111
Y Gnaneswara Rao,19,18,1,105.55555555555556,34.51111111111111
Sw Tait,23,26,5,88.46153846153845,34.29230769230769
Jj Van Der Wath,18,17,3,105.88235294117648,34.076470588235296
Ns Naik,31,53,4,58.490566037735846,33.79811320754717
Jl Pattinson,15,13,2,115.38461538461537,33.77692307692308
Sd Lad,15,13,1,115.38461538461537,33.67692307692308
Bmaj Mendis,23,27,3,85.18518518518519,33.43703703703703
De Bollinger,21,23,4,91.30434782608695,33.36086956521739
Nj Maddinson,20,21,3,95.23809523809523,33.34761904761905
He Van Der Dussen,22,25,3,88.0,33.3
Mp Breetzke,14,12,1,116.66666666666667,33.233333333333334
A Kamboj,16,15,6,106.66666666666667,33.13333333333333
V Viyaskanth,7,5,1,140.0,33.0
S Chanderpaul,25,33,3,75.75757575757575,32.951515151515146
Aj Turner,24,31,6,77.41935483870968,32.883870967741935
Ma Wood,12,10,3,120.0,32.699999999999996
Jpr Scantlebury-Searles,8,6,2,133.33333333333331,32.46666666666667
P Chopra,8,6,1,133.33333333333331,32.36666666666667
Dnt Zoysa,11,9,2,122.22222222222223,32.34444444444445
Tanush Kotian,24,32,1,75.0,31.9
Ds Lehmann,18,19,2,94.73684210526315,31.74736842105263
Vijaykumar Vyshak,14,13,4,107.6923076923077,31.738461538461536
F Behardien,14,13,3,107.6923076923077,31.638461538461538
As Rajpoot,26,41,7,63.41463414634146,31.582926829268292
Af Milne,23,31,6,74.19354838709677,31.538709677419355
Mdkj Perera,14,13,2,107.6923076923077,31.538461538461537
Pj Sangwan,26,47,14,55.319148936170215,30.663829787234043
Aa Chavan,12,11,3,109.09090909090908,30.518181818181816
P Dubey,23,33,2,69.6969696969697,30.23939393939394
R Shukla,19,23,4,82.6086956521739,30.221739130434777
Ab Dinda,26,50,16,52.0,30.200000000000003
A Mukund,19,23,2,82.6086956521739,30.021739130434778
Cv Varun,26,50,11,52.0,29.700000000000003
Vrv Singh,4,3,2,133.33333333333331,29.666666666666664
Crd Fernando,4,3,2,133.33333333333331,29.666666666666664
Gr Napier,15,16,1,93.75,29.35
Kaj Roach,10,9,1,111.11111111111111,29.322222222222226
Dt Patil,13,13,2,100.0,29.3
Parvez Rasool,17,20,4,85.0,29.299999999999997
T Banton,18,22,2,81.81818181818183,29.163636363636368
Kl Nagarkoti,22,34,7,64.70588235294117,29.041176470588233
Aa Kulkarni,9,8,2,112.5,29.0
P Ray Barman,19,25,1,76.0,28.6
Arshad Khan (2),5,4,1,125.0,28.6
Dg Nalkande,12,12,2,100.0,28.599999999999998
B Indrajith,21,31,3,67.74193548387096,28.548387096774192
Ar Bawne,12,12,1,100.0,28.5
Nt Ellis,19,26,5,73.07692307692307,28.41538461538461
Dm Bravo,6,5,1,120.0,28.3
M Muralitharan,20,30,9,66.66666666666666,28.23333333333333
Dr Martyn,19,26,1,73.07692307692307,28.015384615384612
C Sakariya,20,31,7,64.51612903225806,27.603225806451615
Kma Paul,18,26,5,69.23076923076923,26.946153846153848
Naveen-Ul-Haq,18,26,4,69.23076923076923,26.846153846153847
Sumit Kumar,18,26,3,69.23076923076923,26.74615384615385
Jr Hazlewood,19,30,7,63.33333333333333,26.666666666666664
Noor Ahmad,20,35,11,57.14285714285714,26.528571428571432
S Kaul,20,36,9,55.55555555555556,26.011111111111113
Kartik Tyagi,13,16,6,81.25,25.950000000000003
Yv Dhull,16,23,3,69.56521739130434,25.41304347826087
Vs Malik,7,7,2,100.0,25.099999999999998
Mujeeb Ur Rahman,12,15,6,80.0,25.0
C Madan,15,21,1,71.42857142857143,24.885714285714286
Fa Allen,14,19,3,73.68421052631578,24.836842105263155
Ck Kapugedera,16,24,3,66.66666666666666,24.833333333333332
Ja Richardson,17,27,3,62.96296296296296,24.792592592592595
Mukesh Choudhary,6,6,2,100.0,24.4
Ks Sharma,16,25,3,64.0,24.3
Sj Srivastava,5,5,4,100.0,23.9
Ck Langeveldt,8,9,2,88.88888888888889,23.57777777777778
A Zampa,15,25,5,60.0,23.0
Karanveer Singh,12,17,4,70.58823529411765,22.917647058823526
Liton Das,4,4,1,100.0,22.900000000000002
J Theron,10,13,4,76.92307692307693,22.784615384615385
An Ghosh,7,8,2,87.5,22.599999999999998
M Theekshana,17,34,6,50.0,22.5
D Du Preez,10,13,1,76.92307692307693,22.484615384615388
Xc Bartlett,11,15,1,73.33333333333333,22.46666666666667
Pv Tambe,18,39,6,46.15384615384615,22.430769230769233
Dr Shorey,13,20,2,65.0,22.3
Virat Singh,15,26,2,57.692307692307686,22.23846153846154
K Kartikeya,12,18,4,66.66666666666666,22.13333333333333
Bb Sran,10,14,7,71.42857142857143,21.985714285714284
Vy Mahesh,15,28,5,53.57142857142857,21.714285714285715
T Henderson,11,16,2,68.75,21.65
Ag Murtaza,10,14,3,71.42857142857143,21.585714285714285
Ba Bhatt,6,7,2,85.71428571428571,21.54285714285714
Vs Yeligati,2,2,1,100.0,21.5
Rg More,2,2,1,100.0,21.5
Rj Gleeson,2,2,1,100.0,21.5
Mashrafe Mortaza,2,2,1,100.0,21.5
Ss Shaikh,6,7,1,85.71428571428571,21.442857142857143
T Thushara,12,19,4,63.1578947368421,21.43157894736842
Pwa Mulder,9,12,1,75.0,21.400000000000002
Aa Noffke,9,12,1,75.0,21.400000000000002
Simarjeet Singh,10,15,6,66.66666666666666,20.933333333333334
Pvsn Raju,1,1,1,100.0,20.8
Abdul Basith,1,1,1,100.0,20.8
Dp Vijaykumar,1,1,1,100.0,20.8
Sz Mulani,1,1,1,100.0,20.8
Nj Rimmington,1,1,1,100.0,20.8
Ankit Soni,7,9,3,77.77777777777779,20.755555555555556
Sh Johnson,8,11,5,72.72727272727273,20.645454545454548
Mustafizur Rahman,13,24,7,54.166666666666664,20.633333333333333
Jaskaran Singh,8,11,4,72.72727272727273,20.545454545454547
Tm Srivastava,8,11,3,72.72727272727273,20.44545454545455
Je Root,10,15,1,66.66666666666666,20.433333333333334
Pp Ojha,16,45,19,35.55555555555556,20.21111111111111
S Badree,13,25,5,52.0,20.0
M Ntini,11,19,2,57.89473684210527,19.478947368421053
D Ferreira,9,14,3,64.28571428571429,19.45714285714286
Sm Harwood,9,14,2,64.28571428571429,19.357142857142858
Smsm Senanayake,10,17,4,58.82352941176471,19.16470588235294
T Kohli,11,20,3,55.00000000000001,19.000000000000004
Gd Mcgrath,4,5,2,80.0,19.0
Fh Edwards,4,5,2,80.0,19.0
A Dananjaya,4,5,1,80.0,18.900000000000002
X Thalaivan Sargunam,10,17,1,58.82352941176471,18.864705882352943
Jp Behrendorff,6,9,2,66.66666666666666,17.73333333333333
Ts Mills,8,14,5,57.14285714285714,17.52857142857143
Mukesh Kumar,10,20,5,50.0,17.5
Je Taylor,3,4,2,75.0,17.3
Akash Madhwal,8,14,2,57.14285714285714,17.228571428571428
M Tiwari,3,4,1,75.0,17.200000000000003
S Tyagi,3,4,1,75.0,17.200000000000003
Pankaj Singh,7,12,5,58.333333333333336,17.066666666666666
Suryansh Shedge,7,12,3,58.333333333333336,16.866666666666667
Cj Mckay,8,15,1,53.333333333333336,16.366666666666667
Sb Wagh,2,3,2,66.66666666666666,14.933333333333332
Shivam Singh,2,3,1,66.66666666666666,14.833333333333332
Rk Bhui,10,27,4,37.03703703703704,14.807407407407409
M Prasidh Krishna,9,24,7,37.5,14.5
A Uniyal,4,7,2,57.14285714285714,14.428571428571427
A Chandila,4,7,2,57.14285714285714,14.428571428571427
Vg Arora,9,25,9,36.0,14.4
Ua Birla,7,15,1,46.666666666666664,14.333333333333334
Psp Handscomb,6,12,1,50.0,14.299999999999999
T Natarajan,3,5,2,60.0,14.299999999999999
Kamran Khan,3,5,1,60.0,14.2
Td Paine,10,29,2,34.48275862068966,14.096551724137932
A Tomar,4,8,1,50.0,12.9
Is Sodhi,7,18,2,38.88888888888889,12.877777777777776
Prince Yadav,5,11,2,45.45454545454545,12.790909090909091
Baw Mendis,3,6,3,50.0,12.4
Mohammad Asif,3,6,2,50.0,12.299999999999999
R Ninan,3,6,1,50.0,12.2
Rjw Topley,3,6,1,50.0,12.2
Yash Dayal,4,9,4,44.44444444444444,12.08888888888889
Sb Joshi,6,16,2,37.5,11.899999999999999
R Minz,6,16,2,37.5,11.899999999999999
Kp Appanna,2,4,3,50.0,11.700000000000001
Ghs Garton,2,4,2,50.0,11.6
B Laughlin,5,13,4,38.46153846153847,11.592307692307694
S Randiv,2,4,1,50.0,11.5
T Shamsi,2,4,1,50.0,11.5
P Awana,5,14,5,35.714285714285715,11.142857142857142
Kumar Kushagra,3,7,3,42.857142857142854,10.971428571428572
Gc Viljoen,3,7,3,42.857142857142854,10.971428571428572
Ka Maharaj,1,2,1,50.0,10.799999999999999
Mohit Rathee,1,2,1,50.0,10.799999999999999
Mj Suthar,1,2,1,50.0,10.799999999999999
Se Bond,1,2,1,50.0,10.799999999999999
Pm Sarvesh Kumar,1,2,1,50.0,10.799999999999999
Lb Williams,1,2,1,50.0,10.799999999999999
M De Lange,1,2,1,50.0,10.799999999999999
Younis Khan,3,7,1,42.857142857142854,10.77142857142857
Fazalhaq Farooqi,5,15,3,33.33333333333333,10.466666666666667
D Kalyankrishna,3,8,1,37.5,9.7
H Das,2,5,1,40.0,9.5
Br Sharath,2,5,1,40.0,9.5
Dp Nannes,4,13,2,30.76923076923077,9.153846153846153
Be Hendricks,1,3,2,33.33333333333333,7.566666666666666
P Parameswaran,1,3,2,33.33333333333333,7.566666666666666
Le Plunkett,1,3,2,33.33333333333333,7.566666666666666
Dj Muthuswami,1,3,1,33.33333333333333,7.466666666666666
Rs Gavaskar,2,8,1,25.0,6.5
Shoaib Akhtar,2,8,1,25.0,6.5
Kk Ahmed,2,9,6,22.22222222222222,6.444444444444445
A Singh,2,10,5,20.0,5.9
Ms Bhandage,1,4,1,25.0,5.8
Ds Rathi,1,4,1,25.0,5.8
Mohammad Ashraful,2,12,1,16.666666666666664,4.833333333333332
Hf Gurney,1,5,1,20.0,4.8
Shoaib Ahmed,1,6,3,16.666666666666664,4.333333333333333
Rp Meredith,0,3,2,0.0,0.2
S Ladda,0,10,2,0.0,0.2
Nd Doshi,0,13,1,0.0,0.1
V Pratap Singh,0,1,1,0.0,0.1
K Yadav,0,4,1,0.0,0.1
R Sanjay Yadav,0,2,1,0.0,0.1
U Kaul,0,1,1,0.0,0.1
Abdur Razzak,0,2,1,0.0,0.1
Musheer Khan,0,3,1,0.0,0.1
Mj Owen,0,2,1,0.0,0.1
L Ngidi,0,2,1,0.0,0.1
L Ablish,0,2,1,0.0,0.1
S Kaushik,0,1,1,0.0,0.1
Ya Abdulla,0,1,1,0.0,0.1
C Nanda,0,1,1,0.0,0.1
Ic Pandey,0,2,1,0.0,0.1
Ss Cottrell,0,2,1,0.0,0.1
Y Prithvi Raj,0,1,1,0.0,0.1
Mayank Dagar,0,1,1,0.0,0.1
Sunny Gupta,0,1,1,0.0,0.1
Rr Bhatkal,0,2,1,0.0,0.1
Jl Denly,0,1,1,0.0,0.1
Ks Rathore,0,5,1,0.0,0.1
Kr Sen,0,3,1,0.0,0.1
Km Asif,0,2,1,0.0,0.1
S Lamichhane,0,1,1,0.0,0.1
